timestamp,battery_temp,state_of_charge,motor_rpm,vehicle_speed,ambient_temp,anomaly
2025-07-04 21:21:06,30.12,35.75,3538,49,20.55,0
2025-07-04 21:21:07,25.52,68.07,6052,75,35.7,1
2025-07-04 21:21:08,48.76,49.19,8745,63,43.25,0
2025-07-04 21:21:09,39.18,47.54,3763,37,33.03,0
2025-07-04 21:21:10,26.56,70.26,3386,58,43.89,0
2025-07-04 21:21:11,53.3,84.93,4323,95,19.28,0
2025-07-04 21:21:12,22.41,56.3,5452,109,22.17,0
2025-07-04 21:21:13,20.76,89.49,5393,112,15.24,0
2025-07-04 21:21:14,53.52,63.28,5612,44,22.4,0
2025-07-04 21:21:15,41.04,85.83,4592,72,16.22,0
2025-07-04 21:21:16,31.81,65.85,3771,39,33.58,0
2025-07-04 21:21:17,26.8,33.99,7463,63,42.74,0
2025-07-04 21:21:18,26.63,58.29,2786,28,42.62,1
2025-07-04 21:21:19,56.67,79.43,6348,40,36.88,1
2025-07-04 21:21:20,38.66,34.88,5853,56,40.07,0
2025-07-04 21:21:21,50.14,58.98,7872,92,29.57,0
2025-07-04 21:21:22,50.94,48.93,1057,37,28.05,0
2025-07-04 21:21:23,30.7,26.0,1294,108,42.59,0
2025-07-04 21:21:24,46.57,60.03,8109,62,28.21,0
2025-07-04 21:21:25,47.46,93.78,8923,68,41.29,0
2025-07-04 21:21:26,50.09,97.6,7118,50,32.61,0
2025-07-04 21:21:27,45.81,88.28,5098,104,41.67,0
2025-07-04 21:21:28,58.18,47.84,7982,87,20.25,0
2025-07-04 21:21:29,38.86,38.62,6490,106,25.01,0
2025-07-04 21:21:30,56.28,87.62,6232,35,18.68,0
2025-07-04 21:21:31,26.85,62.37,7411,87,41.78,0
2025-07-04 21:21:32,47.6,64.46,2470,81,28.89,0
2025-07-04 21:21:33,38.22,55.13,2470,93,35.58,0
2025-07-04 21:21:34,48.28,78.58,6618,41,28.05,0
2025-07-04 21:21:35,35.34,96.42,6084,63,35.95,0
2025-07-04 21:21:36,37.8,69.57,5222,57,28.93,0
2025-07-04 21:21:37,50.7,83.11,4145,21,43.21,0
2025-07-04 21:21:38,32.4,27.17,5528,66,41.04,0
2025-07-04 21:21:39,37.54,91.43,7894,114,29.01,0
2025-07-04 21:21:40,28.48,56.09,4218,83,21.76,0
2025-07-04 21:21:41,20.19,42.01,2404,74,23.15,0
2025-07-04 21:21:42,52.1,55.96,2420,103,17.76,0
2025-07-04 21:21:43,51.15,42.49,7951,81,38.4,0
2025-07-04 21:21:44,24.66,67.23,8998,85,35.22,0
2025-07-04 21:21:45,24.25,73.16,5363,113,27.01,0
2025-07-04 21:21:46,37.2,97.68,6679,46,29.61,0
2025-07-04 21:21:47,45.39,60.32,3385,45,27.79,0
2025-07-04 21:21:48,37.15,35.08,6117,46,33.43,0
2025-07-04 21:21:49,41.96,66.97,2543,115,37.63,0
2025-07-04 21:21:50,37.33,33.44,1629,30,38.12,0
2025-07-04 21:21:51,23.94,43.65,2253,77,22.22,0
2025-07-04 21:21:52,23.28,20.8,7053,53,35.29,0
2025-07-04 21:21:53,33.7,47.88,8107,52,36.37,0
2025-07-04 21:21:54,56.53,94.65,6154,35,39.34,0
2025-07-04 21:21:55,48.06,35.4,1361,82,22.15,0
2025-07-04 21:21:56,54.46,91.08,2573,111,39.19,0
2025-07-04 21:21:57,42.87,70.78,5733,37,37.97,0
2025-07-04 21:21:58,31.43,77.62,4410,76,20.05,0
2025-07-04 21:21:59,55.42,54.64,1444,115,39.02,0
2025-07-04 21:22:00,23.82,40.56,4476,57,32.13,0
2025-07-04 21:22:01,35.96,33.62,7431,82,44.94,0
2025-07-04 21:22:02,37.28,96.9,1933,42,40.22,1
2025-07-04 21:22:03,24.12,29.58,7189,41,15.85,0
2025-07-04 21:22:04,23.87,58.64,4714,84,38.69,0
2025-07-04 21:22:05,36.75,96.7,2888,101,23.23,0
2025-07-04 21:22:06,29.16,64.31,4058,99,34.92,0
2025-07-04 21:22:07,21.63,99.93,2269,30,42.16,0
2025-07-04 21:22:08,54.21,64.74,6698,91,29.4,0
2025-07-04 21:22:09,56.91,72.0,1597,68,44.83,0
2025-07-04 21:22:10,28.27,55.56,1047,70,22.9,0
2025-07-04 21:22:11,59.77,25.12,3896,29,19.9,0
2025-07-04 21:22:12,23.58,52.67,5081,85,40.4,0
2025-07-04 21:22:13,35.51,98.89,4037,58,38.64,0
2025-07-04 21:22:14,29.93,56.61,5310,105,33.26,0
2025-07-04 21:22:15,49.34,43.46,4213,72,40.55,0
2025-07-04 21:22:16,40.84,32.75,5584,59,37.53,0
2025-07-04 21:22:17,41.38,82.39,4305,116,17.56,0
2025-07-04 21:22:18,37.61,50.86,2710,115,40.05,0
2025-07-04 21:22:19,51.22,40.5,3318,33,15.24,0
2025-07-04 21:22:20,52.39,50.71,4705,65,40.72,0
2025-07-04 21:22:21,49.57,26.2,4092,118,34.1,0
2025-07-04 21:22:22,59.45,64.19,8661,59,18.06,0
2025-07-04 21:22:23,55.13,78.25,6271,69,39.17,0
2025-07-04 21:22:24,36.93,84.34,7379,102,35.69,0
2025-07-04 21:22:25,35.92,27.65,6494,100,21.23,0
2025-07-04 21:22:26,28.04,29.11,2459,51,16.73,0
2025-07-04 21:22:27,57.77,69.66,8451,84,31.87,0
2025-07-04 21:22:28,43.45,40.63,3104,31,17.35,0
2025-07-04 21:22:29,28.57,75.31,4415,51,33.67,0
2025-07-04 21:22:30,22.16,99.45,5355,118,16.28,0
2025-07-04 21:22:31,21.55,79.91,8850,27,42.06,0
2025-07-04 21:22:32,52.96,90.81,6234,115,30.38,0
2025-07-04 21:22:33,51.83,39.04,1024,98,20.21,0
2025-07-04 21:22:34,38.65,73.83,7081,106,29.57,0
2025-07-04 21:22:35,55.53,70.55,1504,48,27.2,0
2025-07-04 21:22:36,21.15,70.49,6536,31,25.69,0
2025-07-04 21:22:37,36.43,72.73,6071,114,18.86,0
2025-07-04 21:22:38,48.95,92.48,7654,20,17.77,0
2025-07-04 21:22:39,44.54,63.6,4116,35,33.49,0
2025-07-04 21:22:40,49.44,54.95,1833,82,16.02,0
2025-07-04 21:22:41,37.98,40.07,6770,74,35.45,0
2025-07-04 21:22:42,43.93,34.6,1119,36,43.07,0
2025-07-04 21:22:44,25.29,20.46,5091,108,17.67,0
2025-07-04 21:22:45,22.86,45.18,6732,114,36.7,0
2025-07-04 21:22:46,26.84,61.88,7889,61,20.15,0
2025-07-04 21:22:47,54.55,79.84,5649,108,38.65,0
2025-07-04 21:22:48,23.83,56.21,8217,112,35.05,0
2025-07-04 21:22:49,24.85,85.45,8088,45,35.91,0
2025-07-04 21:22:50,31.23,66.33,3853,78,16.17,0
2025-07-04 21:22:51,59.27,96.81,1509,56,24.54,0
2025-07-04 21:22:52,21.0,21.73,5134,101,21.45,1
2025-07-04 21:22:53,58.48,92.5,7176,110,15.31,0
2025-07-04 21:22:54,29.81,28.98,3656,24,38.06,0
2025-07-04 21:22:55,53.26,37.06,1264,120,30.89,0
2025-07-04 21:22:56,38.9,55.3,5007,118,33.29,0
2025-07-04 21:22:57,23.03,24.15,6351,56,21.12,0
2025-07-04 21:22:58,48.17,73.44,7125,76,26.63,0
2025-07-04 21:22:59,55.37,66.56,2554,24,16.07,0
2025-07-04 21:23:00,40.69,22.32,4625,54,32.85,0
2025-07-04 21:23:01,27.67,74.94,4526,55,40.73,0
2025-07-04 21:23:02,57.98,48.73,3288,56,19.22,0
2025-07-04 21:23:03,21.14,53.75,1194,109,38.67,0
2025-07-04 21:23:04,56.76,30.76,8180,50,38.0,0
2025-07-04 21:23:05,26.53,75.11,4449,84,21.82,0
2025-07-04 21:23:06,53.05,43.56,1206,94,21.55,0
2025-07-04 21:23:07,40.1,28.53,5103,113,26.19,0
2025-07-04 21:23:08,47.51,34.23,6667,82,16.95,0
2025-07-04 21:23:09,41.19,28.44,7096,56,22.07,0
2025-07-04 21:23:10,56.19,70.67,8964,41,41.45,0
2025-07-04 21:23:11,30.78,41.44,5523,29,42.21,0
2025-07-04 21:23:12,23.44,90.17,1484,20,34.29,0
2025-07-04 21:23:13,59.76,62.52,2040,50,30.22,0
2025-07-04 21:23:14,45.04,32.11,2832,116,43.39,0
2025-07-04 21:23:15,29.55,23.05,2473,115,37.13,0
2025-07-04 21:23:16,56.54,53.87,6147,31,19.52,0
2025-07-04 21:23:17,27.67,23.74,8016,95,43.15,0
2025-07-04 21:23:18,38.65,31.56,2122,35,43.82,0
2025-07-04 21:23:19,44.21,94.0,3276,44,29.44,0
2025-07-04 21:23:20,49.16,99.53,3548,63,42.73,0
2025-07-04 21:23:21,53.74,48.94,7328,103,41.46,0
2025-07-04 21:23:22,58.26,79.92,4386,89,32.72,0
2025-07-04 21:23:23,21.25,34.14,2211,38,35.15,0
2025-07-04 21:23:24,55.58,92.87,4020,62,31.98,0
2025-07-04 21:23:25,37.98,28.67,5229,99,44.72,0
2025-07-04 21:23:26,53.46,85.44,6503,56,30.47,0
2025-07-04 21:23:27,23.81,97.14,1062,65,23.21,0
2025-07-04 21:23:28,58.1,92.78,7390,31,19.67,0
2025-07-04 21:23:29,27.08,49.51,5201,109,40.71,0
2025-07-04 21:23:30,32.81,91.48,6568,31,31.09,0
2025-07-04 21:23:31,25.85,97.44,1553,52,15.62,0
2025-07-04 21:23:32,34.49,38.66,3461,45,44.35,0
2025-07-04 21:23:33,51.79,85.88,5862,83,37.11,0
2025-07-04 21:23:34,56.55,96.84,1077,61,41.88,0
2025-07-04 21:23:35,40.96,66.75,6932,59,16.62,0
2025-07-04 21:23:36,51.66,58.2,1031,92,26.55,0
2025-07-04 21:23:37,38.53,62.95,4512,79,15.19,1
2025-07-04 21:23:38,33.02,78.33,2439,57,39.6,0
2025-07-04 21:23:39,59.16,35.82,8696,80,25.82,0
2025-07-04 21:23:40,50.9,36.1,4071,62,17.78,0
2025-07-04 21:23:41,20.96,76.37,5830,48,18.16,0
2025-07-04 21:23:42,24.45,66.53,5028,54,31.45,0
2025-07-04 21:23:43,29.53,20.74,5717,110,41.0,0
2025-07-04 21:23:44,31.6,63.83,6194,72,29.48,0
2025-07-04 21:23:45,47.32,63.23,4503,102,39.06,0
2025-07-04 21:23:46,23.57,75.2,2444,80,16.05,0
2025-07-04 21:23:47,57.48,57.42,5985,25,37.7,0
2025-07-04 21:23:48,53.22,82.39,6535,21,43.95,0
2025-07-04 21:23:49,32.29,51.71,3398,120,39.73,0
2025-07-04 21:23:50,54.37,51.1,4686,118,27.74,0
2025-07-04 21:23:51,24.55,35.8,2493,86,23.53,0
2025-07-04 21:23:52,51.49,38.7,8169,43,38.76,0
2025-07-04 21:23:53,22.44,47.8,3842,39,19.35,0
2025-07-04 21:23:54,55.38,45.13,5754,65,37.41,0
2025-07-04 21:23:55,51.76,41.21,5070,24,34.12,0
2025-07-04 21:23:56,37.16,53.7,2698,60,37.24,0
2025-07-04 21:23:57,41.03,49.9,8976,99,16.25,0
2025-07-04 21:23:58,32.18,33.09,8683,43,33.76,0
2025-07-04 21:23:59,20.45,96.56,4853,55,15.62,0
2025-07-04 21:24:00,37.57,56.06,1689,72,21.84,0
2025-07-04 21:24:01,52.92,68.0,7490,120,21.34,0
2025-07-04 21:24:02,35.71,30.68,7958,117,25.4,0
2025-07-04 21:24:03,39.28,60.07,8223,45,38.67,0
2025-07-04 21:24:04,46.16,84.92,6109,45,40.5,0
2025-07-04 21:24:05,40.54,72.79,4428,55,29.45,0
2025-07-04 21:24:06,56.54,79.24,3871,43,27.25,0
2025-07-04 21:24:07,59.68,88.69,8852,31,29.41,0
2025-07-04 21:24:08,46.91,69.68,1695,83,40.85,0
2025-07-04 21:24:09,39.17,51.48,7409,66,22.02,0
2025-07-04 21:24:10,25.43,33.62,6349,33,42.89,0
2025-07-04 21:24:11,45.43,67.79,7777,36,16.59,0
2025-07-04 21:24:12,37.02,25.73,3342,62,41.66,0
2025-07-04 21:24:13,28.32,53.92,6430,68,29.07,0
2025-07-04 21:24:14,47.61,32.5,8619,64,24.63,0
2025-07-04 21:24:15,44.46,94.99,8993,94,37.05,0
2025-07-04 21:24:16,52.21,54.81,3449,95,44.15,1
2025-07-04 21:24:17,25.87,79.14,8665,91,42.57,0
2025-07-04 21:24:18,35.05,29.25,7724,36,27.1,0
2025-07-04 21:24:19,52.5,85.64,2082,21,30.26,0
2025-07-04 21:24:20,53.16,24.16,7022,48,19.17,0
2025-07-04 21:24:21,44.93,29.75,2008,50,39.68,0
2025-07-04 21:24:22,44.17,50.32,4340,83,24.04,0
2025-07-04 21:24:23,42.26,99.47,3493,46,34.76,0
2025-07-04 21:24:24,46.51,43.19,6064,120,29.44,0
2025-07-04 21:24:25,56.77,34.05,2387,23,35.47,0
2025-07-04 21:24:26,36.17,23.33,2628,97,32.34,0
2025-07-04 21:24:27,53.24,38.03,6685,71,29.72,1
2025-07-04 21:24:28,21.96,39.84,7132,45,33.79,0
2025-07-04 21:24:29,26.91,98.67,8754,109,25.27,0
2025-07-04 21:24:30,43.31,32.83,8433,55,27.56,0
2025-07-04 21:24:31,36.44,28.06,6951,118,40.25,0
2025-07-04 21:24:32,59.8,93.13,7753,119,22.18,0
2025-07-04 21:24:33,23.11,87.84,5400,26,42.59,0
2025-07-04 21:24:34,30.96,43.32,5939,33,40.3,0
2025-07-04 21:24:35,32.19,72.11,5094,27,36.3,0
2025-07-04 21:24:36,45.26,22.15,6060,48,40.91,0
2025-07-04 21:24:37,55.69,99.31,7177,103,25.41,0
2025-07-04 21:24:38,39.78,70.97,4561,101,22.8,0
2025-07-04 21:24:39,20.18,88.12,3192,54,20.78,0
2025-07-04 21:24:40,26.88,21.44,8905,75,29.96,0
2025-07-04 21:24:41,27.1,28.11,1622,72,15.11,0
2025-07-04 21:24:42,46.6,89.19,7638,42,29.93,0
2025-07-04 21:24:43,54.8,34.21,7769,91,19.1,0
2025-07-04 21:24:44,59.34,61.25,2381,31,15.72,0
2025-07-04 21:24:45,24.65,55.82,1755,32,27.6,0
2025-07-04 21:24:46,26.08,86.9,5467,51,20.67,0
2025-07-04 21:24:47,46.84,94.27,7153,118,27.31,0
2025-07-04 21:24:48,30.1,35.38,2716,35,15.8,0
2025-07-04 21:24:49,43.9,47.19,7742,34,17.17,1
2025-07-04 21:24:50,33.0,87.94,4472,92,31.9,0
2025-07-04 21:24:51,31.52,87.23,2842,87,38.32,0
2025-07-04 21:24:52,27.59,47.97,5765,113,27.22,1
2025-07-04 21:24:53,29.18,66.12,3089,42,15.26,0
2025-07-04 21:24:54,55.89,28.54,1325,23,30.99,0
2025-07-04 21:24:55,44.96,69.07,4454,50,27.41,0
2025-07-04 21:24:56,38.3,90.0,2701,27,19.92,0
2025-07-04 21:24:57,46.8,31.73,6874,76,21.41,0
2025-07-04 21:24:58,35.95,59.0,6108,86,30.44,0
2025-07-04 21:24:59,41.13,22.37,7393,84,35.22,0
2025-07-04 21:25:00,57.1,62.23,1728,56,24.26,0
2025-07-04 21:25:01,40.23,43.49,2807,107,16.08,0
2025-07-04 21:25:02,20.03,47.66,2335,111,30.93,0
2025-07-04 21:25:03,38.4,50.37,4145,23,19.94,0
2025-07-04 21:25:04,30.35,46.59,7172,66,37.79,0
2025-07-04 21:25:05,41.24,32.84,8687,62,34.46,0
2025-07-04 21:25:06,26.6,90.3,6225,62,16.08,1
2025-07-04 21:25:07,51.04,76.21,4195,31,33.36,0
2025-07-04 21:25:08,44.4,43.09,7639,95,17.52,0
2025-07-04 21:25:09,49.51,51.53,8225,108,39.86,0
2025-07-04 21:25:10,23.41,86.83,4883,112,25.42,0
2025-07-04 21:25:12,56.76,32.68,1697,94,39.7,0
2025-07-04 21:25:13,21.52,92.34,6455,89,29.64,0
2025-07-04 21:25:14,28.4,47.91,5374,65,24.93,0
2025-07-04 21:25:15,44.27,49.99,6857,34,39.57,0
2025-07-04 21:25:16,34.62,97.05,8212,119,21.88,0
2025-07-04 21:25:17,54.59,47.25,7237,91,44.47,0
2025-07-04 21:25:18,43.24,31.12,4350,39,39.91,0
2025-07-04 21:25:19,52.32,46.24,7075,26,19.01,0
2025-07-04 21:25:20,47.08,33.55,7204,88,38.04,0
2025-07-04 21:25:21,35.93,88.67,3265,86,15.15,0
2025-07-04 21:25:22,21.76,54.72,8462,22,36.57,0
2025-07-04 21:25:23,40.45,21.01,6688,84,30.67,0
2025-07-04 21:25:24,25.97,77.32,3933,78,42.54,1
2025-07-04 21:25:25,33.69,50.5,2839,42,42.8,0
2025-07-04 21:25:26,46.55,71.53,5149,62,18.72,0
2025-07-04 21:25:27,59.49,99.37,4745,43,42.48,0
2025-07-04 21:25:28,45.31,99.11,6555,78,44.05,0
2025-07-04 21:25:29,46.21,85.21,5466,107,39.3,0
2025-07-04 21:25:30,43.98,77.1,7532,50,22.8,0
2025-07-04 21:25:31,32.21,99.44,6761,78,27.82,1
2025-07-04 21:25:32,55.81,44.79,6510,27,37.8,0
2025-07-04 21:25:33,28.39,38.74,8344,104,38.31,0
2025-07-04 21:25:34,46.83,23.88,4281,48,42.21,0
2025-07-04 21:25:35,45.91,29.1,4649,61,35.57,0
2025-07-04 21:25:36,46.44,32.56,2806,25,24.14,0
2025-07-04 21:25:37,52.4,35.55,1739,39,28.36,0
2025-07-04 21:25:38,28.22,35.32,1939,89,36.69,0
2025-07-04 21:25:39,48.94,29.55,1574,59,43.53,0
2025-07-04 21:25:40,56.38,25.48,3353,94,28.93,0
2025-07-04 21:25:41,44.57,62.98,1397,76,24.03,0
2025-07-04 21:25:42,40.35,46.67,1994,71,37.77,0
2025-07-04 21:25:43,41.45,99.3,3199,118,33.34,1
2025-07-04 21:25:44,30.89,81.52,2874,62,34.75,0
2025-07-04 21:25:45,38.07,80.02,4263,74,36.82,0
2025-07-04 21:25:46,37.33,44.03,8860,75,18.47,0
2025-07-04 21:25:47,20.54,80.48,4058,86,30.92,1
2025-07-04 21:25:48,42.4,23.0,3184,84,20.89,0
2025-07-04 21:25:49,23.21,20.19,2021,20,28.12,0
2025-07-04 21:25:50,28.5,60.87,1664,108,36.76,0
2025-07-04 21:25:51,46.89,64.64,1931,117,21.14,0
2025-07-04 21:25:52,56.84,22.94,3739,44,24.73,0
2025-07-04 21:25:53,40.38,67.07,4451,82,40.45,0
2025-07-04 21:25:54,21.76,30.25,1791,88,35.58,0
2025-07-04 21:25:55,48.46,30.42,2980,82,38.87,0
2025-07-04 21:25:56,33.23,83.88,1736,82,17.11,0
2025-07-04 21:25:57,46.94,95.33,4296,54,30.68,0
2025-07-04 21:25:58,40.02,84.57,1320,40,44.54,0
2025-07-04 21:25:59,31.36,54.93,1099,60,20.0,0
2025-07-04 21:26:00,20.05,72.47,1425,47,44.39,0
2025-07-04 21:26:01,56.29,82.59,1804,57,37.68,0
2025-07-04 21:26:02,32.65,51.84,4534,97,18.03,0
2025-07-04 21:26:03,54.81,36.88,4222,88,31.02,0
2025-07-04 21:26:04,51.22,87.28,1753,43,20.07,0
2025-07-04 21:26:05,37.65,50.74,1053,108,21.03,0
2025-07-04 21:26:06,39.97,61.36,8198,88,23.03,0
2025-07-04 21:26:07,26.03,22.74,7938,112,28.16,0
2025-07-04 21:26:08,58.7,42.35,2316,100,20.3,0
2025-07-04 21:26:09,26.19,30.34,7997,25,38.34,0
2025-07-04 21:26:10,35.08,53.29,4019,79,28.79,0
2025-07-04 21:26:11,59.16,60.33,8038,25,29.52,0
2025-07-04 21:26:12,56.01,79.95,1230,46,29.11,0
2025-07-04 21:26:13,47.31,58.78,7475,21,37.25,0
2025-07-04 21:26:14,23.92,36.22,7672,94,39.89,0
2025-07-04 21:26:15,57.35,60.17,4453,88,20.61,0
2025-07-04 21:26:16,59.65,80.37,7776,112,44.53,0
2025-07-04 21:26:17,40.7,25.26,6339,81,31.66,0
2025-07-04 21:26:18,26.93,81.67,4227,32,15.51,0
2025-07-04 21:26:19,54.88,50.09,7911,116,19.54,0
2025-07-04 21:26:20,21.46,92.45,6047,94,32.97,0
2025-07-04 21:26:21,34.88,40.23,3257,89,42.55,0
2025-07-04 21:26:22,28.13,86.72,6236,48,32.72,0
2025-07-04 21:26:23,42.26,60.14,1953,87,16.98,0
2025-07-04 21:26:24,48.78,85.22,1536,111,26.94,0
2025-07-04 21:26:25,58.52,61.09,5517,96,34.94,0
2025-07-04 21:26:26,55.63,23.42,1715,22,33.36,0
2025-07-04 21:26:27,22.12,61.04,2899,109,42.68,0
2025-07-04 21:26:28,38.14,50.24,7527,30,36.6,1
2025-07-04 21:26:29,58.57,24.57,7755,114,24.98,0
2025-07-04 21:26:30,36.96,31.48,7649,34,21.67,0
2025-07-04 21:26:31,32.66,49.02,8957,58,39.61,0
2025-07-04 21:26:32,31.79,48.0,4472,96,37.72,0
2025-07-04 21:26:33,47.78,23.87,5446,76,17.48,0
2025-07-04 21:26:34,45.7,76.53,3404,89,39.37,0
2025-07-04 21:26:35,45.88,43.75,2735,120,27.34,0
2025-07-04 21:26:36,43.59,79.69,3436,100,38.49,0
2025-07-04 21:26:37,21.69,88.53,7997,87,25.0,0
2025-07-04 21:26:38,26.69,93.79,3782,33,37.24,0
2025-07-04 21:26:39,56.39,84.27,6741,40,43.74,0
2025-07-04 21:26:40,33.45,37.28,6187,23,20.11,0
2025-07-04 21:26:41,43.9,99.17,6377,39,35.38,0
2025-07-04 21:26:42,36.83,83.33,4964,87,32.99,0
2025-07-04 21:26:43,34.52,20.25,7294,98,37.35,0
2025-07-04 21:26:44,54.56,48.1,2436,27,29.57,0
2025-07-04 21:26:45,59.45,24.58,6934,88,23.92,0
2025-07-04 21:26:46,28.91,44.87,6061,41,34.17,0
2025-07-04 21:26:47,46.26,62.98,1009,49,39.43,0
2025-07-04 21:26:48,48.14,73.66,3074,115,29.18,0
2025-07-04 21:26:49,51.0,86.01,5530,102,28.44,0
2025-07-04 21:26:50,36.5,54.47,4925,32,43.19,0
2025-07-04 21:26:51,48.13,20.98,8837,56,37.37,1
2025-07-04 21:26:52,34.0,84.84,1999,94,20.31,0
2025-07-04 21:26:53,47.65,60.08,8802,55,27.0,0
2025-07-04 21:26:54,34.28,93.38,4392,54,27.52,0
2025-07-04 21:26:55,27.49,86.5,1211,120,22.52,0
2025-07-04 21:26:56,25.7,59.82,2450,78,26.92,0
2025-07-04 21:26:57,37.02,62.01,3357,67,18.45,0
2025-07-04 21:26:58,53.3,24.51,1635,112,25.34,1
2025-07-04 21:26:59,47.32,52.13,6578,25,29.96,0
2025-07-04 21:27:00,35.14,56.7,8504,61,24.39,0
2025-07-04 21:27:01,38.06,56.21,3519,53,20.63,0
2025-07-04 21:27:02,23.71,43.58,1943,81,24.67,0
2025-07-04 21:27:03,42.57,23.6,1350,46,40.55,0
2025-07-04 21:27:04,57.42,43.06,1046,34,24.44,0
2025-07-04 21:27:05,43.17,59.08,1818,63,31.56,0
2025-07-04 21:27:06,31.05,43.63,3934,24,30.1,0
2025-07-04 21:27:07,38.85,23.45,8760,33,40.91,0
2025-07-04 21:27:08,32.14,77.43,3202,92,27.39,0
2025-07-04 21:27:09,23.06,25.06,4348,61,25.36,1
2025-07-04 21:27:10,34.29,83.9,3249,64,19.34,0
2025-07-04 21:27:11,45.39,28.12,5817,91,39.16,0
2025-07-04 21:27:12,52.21,87.79,2379,88,41.67,0
2025-07-04 21:27:13,58.46,70.27,7561,37,36.28,0
2025-07-04 21:27:14,27.02,87.33,7133,84,40.06,0
2025-07-04 21:27:15,39.89,46.66,8966,46,21.41,0
2025-07-04 21:27:16,32.72,88.75,1799,23,21.73,0
2025-07-04 21:27:17,40.2,85.44,2066,120,24.1,0
2025-07-04 21:27:18,22.72,85.71,7266,26,19.45,0
2025-07-04 21:27:19,45.81,96.27,8343,99,40.34,0
2025-07-04 21:27:20,54.02,92.65,4296,65,42.59,0
2025-07-04 21:27:21,52.72,68.96,1406,46,41.99,0
2025-07-04 21:27:22,34.55,50.87,4170,52,27.68,0
2025-07-04 21:27:23,33.28,74.53,3313,28,36.76,0
2025-07-04 21:27:24,43.08,63.97,5175,21,22.65,0
2025-07-04 21:27:25,48.66,29.75,8520,72,33.05,0
2025-07-04 21:27:26,23.14,47.15,2766,96,40.63,0
2025-07-04 21:27:27,57.8,41.47,6493,66,17.48,0
2025-07-04 21:27:28,55.2,88.22,7384,89,17.68,0
2025-07-04 21:27:29,29.07,52.1,1296,70,39.73,0
2025-07-04 21:27:30,45.87,82.97,8627,37,43.84,0
2025-07-04 21:27:31,45.26,98.83,8849,88,28.39,0
2025-07-04 21:27:32,29.63,49.28,4538,22,31.22,0
2025-07-04 21:27:33,47.96,90.77,6749,43,40.46,0
2025-07-04 21:27:34,24.51,46.48,7490,119,42.44,0
2025-07-04 21:27:35,41.63,38.75,1891,45,15.91,0
2025-07-04 21:27:36,56.11,86.47,4575,67,35.29,0
2025-07-04 21:27:37,22.37,35.81,6097,46,16.54,0
2025-07-04 21:27:38,54.7,94.34,4631,25,38.28,0
2025-07-04 21:27:39,25.56,49.45,5154,41,16.53,0
2025-07-04 21:27:40,23.32,41.06,4242,114,33.43,0
2025-07-04 21:27:41,58.28,48.71,6217,48,37.16,0
2025-07-04 21:27:42,31.47,20.39,4910,94,40.69,0
2025-07-04 21:27:43,51.18,86.09,7409,68,44.61,0
2025-07-04 21:27:44,20.43,68.31,4656,84,39.0,0
2025-07-04 21:27:45,30.52,37.26,4166,104,16.69,0
2025-07-04 21:27:46,36.67,55.31,7616,70,18.99,0
2025-07-04 21:27:47,50.5,96.66,3240,29,27.14,0
2025-07-04 21:27:48,59.23,32.19,5236,75,32.89,0
2025-07-04 21:27:49,37.49,52.53,2119,30,19.59,0
2025-07-04 21:27:50,43.6,37.97,7086,42,38.21,0
2025-07-04 21:27:51,39.04,77.86,4200,66,38.69,1
2025-07-04 21:27:52,46.47,82.64,1735,119,28.52,0
2025-07-04 21:27:53,50.27,36.77,5061,31,27.72,0
2025-07-04 21:27:54,45.83,83.89,2705,74,41.21,0
2025-07-04 21:27:55,59.12,65.85,3723,85,35.64,0
2025-07-04 21:27:56,23.8,68.63,6643,94,30.53,0
2025-07-04 21:27:57,31.6,28.1,8646,82,39.44,0
2025-07-04 21:27:58,40.75,24.95,7705,118,26.49,0
2025-07-04 21:27:59,55.06,80.93,7119,24,19.57,0
2025-07-04 21:28:00,27.7,38.43,2045,61,43.86,1
2025-07-04 21:28:01,41.17,44.39,2707,83,39.52,0
2025-07-04 21:28:02,22.41,62.44,5451,61,34.2,0
2025-07-04 21:28:03,46.94,94.97,6425,35,22.99,0
2025-07-04 21:28:04,50.28,68.56,2193,34,33.84,0
2025-07-04 21:28:05,52.51,96.19,5569,119,21.13,1
2025-07-04 21:28:06,20.13,55.22,7357,100,40.41,0
2025-07-04 21:28:07,21.88,57.62,3394,49,25.0,0
2025-07-04 21:28:08,26.83,61.51,7395,51,34.99,0
2025-07-04 21:28:09,39.9,56.03,6622,102,30.29,0
2025-07-04 21:28:10,49.37,98.69,6062,104,23.98,0
2025-07-04 21:28:11,54.28,24.37,6826,36,20.75,0
2025-07-04 21:28:12,29.54,99.87,6342,47,39.44,0
2025-07-04 21:28:13,54.66,26.48,7476,112,41.61,0
2025-07-04 21:28:14,28.91,31.53,6442,86,25.81,0
2025-07-04 21:28:15,50.01,78.4,5194,43,25.71,0
2025-07-04 21:28:16,58.34,81.0,4526,38,42.52,0
2025-07-04 21:28:17,38.22,84.58,1772,65,31.29,0
2025-07-04 21:28:18,42.25,36.54,7179,45,33.34,0
2025-07-04 21:28:19,39.94,25.16,4477,22,29.75,0
2025-07-04 21:28:21,26.89,63.59,6104,55,19.72,0
2025-07-04 21:28:22,21.67,87.39,2141,28,20.59,0
2025-07-04 21:28:23,32.55,57.15,6218,53,24.14,0
2025-07-04 21:28:24,29.99,27.0,2737,89,19.22,0
2025-07-04 21:28:25,52.66,97.15,8749,33,29.62,0
2025-07-04 21:28:26,55.28,46.33,1246,110,17.35,0
2025-07-04 21:28:27,54.23,68.71,2735,73,41.51,0
2025-07-04 21:28:28,42.05,49.45,5645,58,21.47,0
2025-07-04 21:28:29,44.2,65.8,4088,117,29.23,0
2025-07-04 21:28:30,41.4,25.56,4626,51,19.8,0
2025-07-04 21:28:31,30.42,38.76,7457,53,23.29,0
2025-07-04 21:28:32,54.23,93.3,4873,34,28.29,0
2025-07-04 21:28:33,56.61,28.61,1177,88,43.25,0
2025-07-04 21:28:34,33.82,30.13,6332,94,38.78,0
2025-07-04 21:28:35,53.1,51.67,8585,77,33.53,0
2025-07-04 21:28:36,38.4,91.84,5963,104,32.43,1
2025-07-04 21:28:37,39.84,91.86,8855,102,21.65,0
2025-07-04 21:28:38,29.02,35.26,8511,63,44.04,1
2025-07-04 21:28:39,28.88,40.76,2736,22,28.82,0
2025-07-04 21:28:40,49.53,20.03,4804,56,16.02,0
2025-07-04 21:28:41,40.35,73.71,7347,97,36.89,0
2025-07-04 21:28:42,23.24,62.97,3311,80,25.84,0
2025-07-04 21:28:43,21.71,88.48,2671,59,33.57,1
2025-07-04 21:28:44,39.4,30.04,1058,67,24.03,0
2025-07-04 21:28:45,24.36,87.2,5437,100,44.75,0
2025-07-04 21:28:46,36.04,83.16,1461,44,30.83,0
2025-07-04 21:28:47,39.63,65.62,8515,72,35.25,0
2025-07-04 21:28:48,30.21,76.48,7511,30,22.89,0
2025-07-04 21:28:49,32.84,34.52,6330,97,15.93,0
2025-07-04 21:28:50,55.52,51.48,2868,103,17.1,0
2025-07-04 21:28:51,57.35,74.32,6220,87,20.83,0
2025-07-04 21:28:52,59.49,28.36,7342,59,22.2,1
2025-07-04 21:28:53,51.38,88.0,7549,48,22.14,0
2025-07-04 21:28:54,35.67,42.73,8846,110,39.6,0
2025-07-04 21:28:55,32.11,67.89,5568,65,29.74,0
2025-07-04 21:28:56,53.09,45.38,8301,71,30.2,0
2025-07-04 21:28:57,56.34,71.53,1526,55,42.1,0
2025-07-04 21:28:58,57.09,62.35,2569,63,16.32,0
2025-07-04 21:28:59,51.46,96.18,1508,77,33.71,0
2025-07-04 21:29:00,23.25,40.12,4212,61,35.85,0
2025-07-04 21:29:01,25.93,61.77,4704,31,38.48,1
2025-07-04 21:29:02,37.75,48.2,5180,26,17.82,0
2025-07-04 21:29:03,57.44,54.3,7219,106,30.93,0
2025-07-04 21:29:04,33.24,97.47,7167,102,30.53,0
2025-07-04 21:29:05,43.2,61.57,2177,42,22.26,1
2025-07-04 21:29:06,26.84,62.27,7541,114,16.65,0
2025-07-04 21:29:07,28.93,93.21,8715,98,25.91,0
2025-07-04 21:29:08,35.47,65.0,2838,101,38.87,0
2025-07-04 21:29:09,59.36,29.08,5808,94,25.42,0
2025-07-04 21:29:10,26.74,22.5,3674,45,43.59,0
2025-07-04 21:29:11,38.41,92.91,3433,69,43.24,0
2025-07-04 21:29:12,24.67,57.19,7985,28,28.58,0
2025-07-04 21:29:13,27.93,30.03,8278,105,19.43,0
2025-07-04 21:29:14,35.0,59.12,3223,34,26.58,0
2025-07-04 21:29:15,23.4,35.95,1470,85,33.27,0
2025-07-04 21:29:16,20.46,91.75,6651,97,22.75,0
2025-07-04 21:29:17,33.56,54.08,6716,102,18.75,0
2025-07-04 21:29:18,54.79,74.35,2051,36,25.17,0
2025-07-04 21:29:19,26.91,89.84,7819,88,31.04,0
2025-07-04 21:29:20,28.96,30.06,8044,80,34.89,0
2025-07-04 21:29:21,35.5,85.62,6416,26,39.26,0
2025-07-04 21:29:22,24.66,86.03,5056,51,40.57,0
2025-07-04 21:29:23,42.71,64.65,6563,113,15.78,0
2025-07-04 21:29:24,57.52,83.36,3502,37,43.36,0
2025-07-04 21:29:25,27.89,83.87,1714,82,34.42,0
2025-07-04 21:29:26,32.85,62.45,3653,81,27.16,0
2025-07-04 21:29:27,45.65,64.03,3115,88,43.09,0
2025-07-04 21:29:28,32.08,46.73,6420,93,39.06,0
2025-07-04 21:29:29,27.81,58.81,7187,59,41.12,0
2025-07-04 21:29:30,40.0,54.44,6383,80,17.44,0
2025-07-04 21:29:31,21.88,36.4,7524,52,35.57,0
2025-07-04 21:29:32,51.8,81.54,7891,80,32.59,0
2025-07-04 21:29:33,36.62,65.78,5343,42,21.83,0
2025-07-04 21:29:34,42.34,20.11,6659,62,40.05,0
2025-07-04 21:29:35,48.15,43.63,6820,22,32.43,0
2025-07-04 21:29:36,22.71,90.0,6417,22,21.81,0
2025-07-04 21:29:37,52.71,51.73,2343,93,29.93,0
2025-07-04 21:29:38,28.39,46.67,8836,56,35.81,0
2025-07-04 21:29:39,36.97,29.13,6052,38,22.0,0
2025-07-04 21:29:40,21.84,78.29,6534,81,19.94,0
2025-07-04 21:29:41,23.97,89.15,7014,102,38.57,1
2025-07-04 21:29:42,26.94,35.51,1202,32,37.32,0
2025-07-04 21:29:43,43.67,77.53,3049,120,27.81,0
2025-07-04 21:29:44,44.54,98.05,2487,30,16.5,0
2025-07-04 21:29:45,39.78,58.22,2056,76,44.94,0
2025-07-04 21:29:46,53.86,69.04,8931,32,29.53,0
2025-07-04 21:29:47,44.18,23.34,4190,100,32.59,0
2025-07-04 21:29:48,55.49,80.44,6464,25,19.23,0
2025-07-04 21:29:49,59.44,48.88,7636,42,30.65,0
2025-07-04 21:29:50,20.03,54.81,4684,85,19.6,0
2025-07-04 21:29:51,28.36,67.11,4541,118,38.49,0
2025-07-04 21:29:52,24.63,81.87,8863,69,22.54,0
2025-07-04 21:29:53,21.89,62.93,2630,44,44.24,0
2025-07-04 21:29:54,38.39,90.31,1949,28,32.81,0
2025-07-04 21:29:55,36.11,43.88,5756,63,38.69,0
2025-07-04 21:29:56,47.82,83.47,4396,111,24.45,0
2025-07-04 21:29:57,59.86,32.64,5434,82,34.43,0
2025-07-04 21:29:58,34.58,41.86,3797,54,26.56,0
2025-07-04 21:29:59,42.03,58.8,1844,93,25.44,0
2025-07-04 21:30:00,49.49,71.09,8354,113,39.52,0
2025-07-04 21:30:01,22.57,56.37,5535,56,44.93,0
2025-07-04 21:30:02,49.54,21.27,2725,45,15.98,0
2025-07-04 21:30:03,36.93,54.87,1327,30,27.37,0
2025-07-04 21:30:04,35.3,28.55,6713,99,28.01,0
2025-07-04 21:30:05,32.35,73.52,4919,39,20.57,0
2025-07-04 21:30:06,26.1,78.21,6942,37,39.72,0
2025-07-04 21:30:07,46.02,31.3,2216,111,25.58,0
2025-07-04 21:30:08,26.36,58.49,6715,27,24.87,0
2025-07-04 21:30:09,30.87,80.67,8496,42,24.18,0
2025-07-04 21:30:10,28.39,60.21,1768,25,40.66,0
2025-07-04 21:30:11,53.56,32.37,3502,51,34.17,0
2025-07-04 21:30:12,29.77,42.4,5562,21,32.65,1
2025-07-04 21:30:13,30.39,84.66,4508,34,25.63,0
2025-07-04 21:30:14,45.47,29.58,6612,111,20.05,0
2025-07-04 21:30:15,23.3,72.14,5442,87,30.66,0
2025-07-04 21:30:16,47.12,25.11,2315,46,38.3,0
2025-07-04 21:30:17,43.34,44.44,7616,92,23.41,0
2025-07-04 21:30:18,41.57,77.53,7615,62,15.42,0
2025-07-04 21:30:19,22.35,94.12,5059,40,24.0,0
2025-07-04 21:30:20,27.83,94.26,5865,23,34.84,0
2025-07-04 21:30:21,44.28,33.38,4413,53,35.28,0
2025-07-04 21:30:22,40.42,39.39,1065,55,29.82,0
2025-07-04 21:30:23,59.07,24.74,4511,45,22.71,0
2025-07-04 21:30:24,53.87,89.19,8130,93,29.29,0
2025-07-04 21:30:25,39.21,21.65,6387,78,30.19,0
2025-07-04 21:30:26,39.14,59.29,3246,23,35.73,0
2025-07-04 21:30:27,56.86,55.55,6010,91,24.17,0
2025-07-04 21:30:28,34.07,61.91,2518,50,17.12,0
2025-07-04 21:30:29,56.53,48.15,1177,21,28.45,0
2025-07-04 21:30:30,58.98,90.77,5913,77,33.66,0
2025-07-04 21:30:31,44.97,34.63,7228,92,27.66,0
2025-07-04 21:30:32,58.4,49.59,8305,105,22.34,0
2025-07-04 21:30:33,31.94,81.98,2721,60,33.01,0
2025-07-04 21:30:34,31.48,49.71,3850,42,43.83,0
2025-07-04 21:30:35,57.21,96.32,7660,116,16.56,0
2025-07-04 21:30:36,41.71,57.75,3904,97,43.25,0
2025-07-04 21:30:37,37.24,51.8,8482,100,38.57,0
2025-07-04 21:30:38,39.17,98.98,3413,92,40.42,0
2025-07-04 21:30:39,26.41,57.01,8805,116,22.04,0
2025-07-04 21:30:40,38.99,75.05,6420,59,30.66,0
2025-07-04 21:30:41,24.71,43.3,8768,93,21.86,0
2025-07-04 21:30:42,58.22,23.71,4404,112,21.61,0
2025-07-04 21:30:43,33.55,82.5,2979,61,23.91,0
2025-07-04 21:30:44,49.52,80.09,1086,53,37.09,0
2025-07-04 21:30:45,47.55,58.31,3765,38,19.28,0
2025-07-04 21:30:46,22.97,83.21,7211,48,22.38,0
2025-07-04 21:30:47,24.0,61.18,4753,97,36.99,0
2025-07-04 21:30:48,54.25,62.29,5637,30,23.92,0
2025-07-04 21:30:49,59.79,93.52,4293,22,40.19,0
2025-07-04 21:30:50,55.18,66.54,5452,53,25.03,0
2025-07-04 21:30:51,45.58,88.82,8053,94,43.91,0
2025-07-04 21:30:52,30.31,48.14,6332,45,42.69,0
2025-07-04 21:30:53,26.91,95.68,3123,29,43.93,0
2025-07-04 21:30:54,53.56,56.99,2480,40,36.87,0
2025-07-04 21:30:55,29.05,82.13,8544,85,41.48,0
2025-07-04 21:30:56,23.77,25.13,5981,49,16.22,0
2025-07-04 21:30:57,31.32,98.67,5147,92,40.98,0
2025-07-04 21:30:58,49.7,57.31,6138,106,28.05,0
2025-07-04 21:30:59,27.44,35.16,5738,22,24.89,0
2025-07-04 21:31:00,59.32,26.91,5816,29,35.24,0
2025-07-04 21:31:01,54.42,97.68,5340,48,23.9,0
2025-07-04 21:31:02,46.45,83.17,7984,63,21.31,0
2025-07-04 21:31:03,36.43,96.51,1388,92,41.79,0
2025-07-04 21:31:04,31.25,90.49,4902,88,30.0,0
2025-07-04 21:31:05,30.51,89.89,7921,110,33.02,0
2025-07-04 21:31:06,20.33,84.11,1766,55,17.91,0
2025-07-04 21:31:07,29.23,46.91,1220,45,41.4,0
2025-07-04 21:31:08,49.64,91.93,3358,51,33.15,0
2025-07-04 21:31:09,33.65,81.32,4021,26,24.12,0
2025-07-04 21:31:10,20.56,37.39,4598,21,21.85,0
2025-07-04 21:31:11,58.54,82.79,5153,24,22.31,0
2025-07-04 21:31:12,36.14,55.17,8819,76,36.01,0
2025-07-04 21:31:13,50.32,66.07,7897,71,37.4,0
2025-07-04 21:31:14,51.67,64.43,1581,80,32.04,0
2025-07-04 21:31:15,36.94,50.0,2462,105,38.16,0
2025-07-04 21:31:16,51.48,98.25,4656,76,30.73,0
2025-07-04 21:31:17,52.84,49.84,3589,46,27.31,0
2025-07-04 21:31:18,58.6,93.37,8250,87,16.95,0
2025-07-04 21:31:19,20.04,70.94,2988,32,34.73,1
2025-07-04 21:31:20,51.16,23.13,6434,32,36.88,0
2025-07-04 21:31:21,38.31,76.0,1093,117,20.35,0
2025-07-04 21:31:22,53.02,87.02,6166,95,21.99,0
2025-07-04 21:31:23,36.76,51.3,3597,57,38.33,0
2025-07-04 21:31:24,52.17,30.15,2922,26,20.79,0
2025-07-04 21:31:25,31.67,73.65,1163,29,19.29,0
2025-07-04 21:31:26,32.0,83.77,3758,49,43.02,0
2025-07-04 21:31:27,51.94,26.58,5764,50,22.69,0
2025-07-04 21:31:28,24.75,29.05,2643,60,37.1,1
2025-07-04 21:31:29,42.38,46.56,4739,88,38.78,0
2025-07-04 21:31:30,20.88,55.15,1693,53,32.28,0
2025-07-04 21:31:31,44.32,75.54,6525,102,21.02,0
2025-07-04 21:31:32,52.02,38.34,7098,92,31.21,1
2025-07-04 21:31:33,30.19,25.23,4019,22,29.99,0
2025-07-04 21:31:34,48.77,91.22,8911,93,43.38,0
2025-07-04 21:31:35,32.38,64.15,7973,104,19.4,0
2025-07-04 21:31:36,24.58,70.44,8247,108,37.63,0
2025-07-04 21:31:37,53.02,98.95,8428,84,44.47,0
2025-07-04 21:31:38,52.75,65.99,6684,106,34.68,0
2025-07-04 21:31:39,41.03,95.0,2937,86,37.13,0
2025-07-04 21:31:40,29.8,36.36,5465,26,17.9,0
2025-07-04 21:31:41,40.9,99.92,8046,27,38.2,0
2025-07-04 21:31:42,24.3,34.67,4990,37,40.28,0
2025-07-04 21:31:44,56.88,90.23,1308,68,41.77,1
2025-07-04 21:31:45,29.24,49.19,4749,63,31.55,0
2025-07-04 21:31:46,50.23,32.66,6353,80,40.55,0
2025-07-04 21:31:47,50.15,97.1,7759,83,25.86,0
2025-07-04 21:31:48,20.4,67.6,5238,47,22.86,0
2025-07-04 21:31:49,39.97,91.82,2872,37,40.84,0
2025-07-04 21:31:50,56.22,55.94,5146,82,18.77,0
2025-07-04 21:31:51,42.66,45.95,2980,79,28.69,0
2025-07-04 21:31:52,38.04,64.33,4403,119,40.37,0
2025-07-04 21:31:53,21.05,50.96,7893,94,34.83,0
2025-07-04 21:31:54,38.84,63.83,3103,80,23.73,0
2025-07-04 21:31:55,22.86,49.54,1120,117,33.13,0
2025-07-04 21:31:56,51.53,41.04,2478,29,29.26,0
2025-07-04 21:31:57,58.98,53.82,5407,84,44.96,0
2025-07-04 21:31:58,37.11,64.41,8100,87,35.23,0
2025-07-04 21:31:59,39.59,57.34,3210,111,43.94,0
2025-07-04 21:32:00,45.94,24.49,3577,111,26.42,0
2025-07-04 21:32:01,51.08,62.85,6073,81,35.51,1
2025-07-04 21:32:02,42.36,72.13,6845,47,28.03,0
2025-07-04 21:32:03,33.91,24.57,3833,56,17.26,0
2025-07-04 21:32:04,24.58,66.54,4156,40,23.92,0
2025-07-04 21:32:05,31.24,58.21,7474,37,23.04,0
2025-07-04 21:32:06,49.14,65.43,2424,65,18.92,0
2025-07-04 21:32:07,43.82,34.84,6467,32,39.37,0
2025-07-04 21:32:08,50.5,69.35,3081,118,27.3,0
2025-07-04 21:32:09,41.68,20.01,3150,61,17.6,0
2025-07-04 21:32:10,20.23,78.4,4706,80,32.75,0
2025-07-04 21:32:11,52.33,43.45,6414,75,29.62,0
2025-07-04 21:32:12,51.31,62.45,5557,85,34.92,0
2025-07-04 21:32:13,59.28,34.04,5520,119,43.72,0
2025-07-04 21:32:14,42.7,82.37,7174,20,33.57,0
2025-07-04 21:32:15,28.06,22.49,7300,95,19.36,0
2025-07-04 21:32:16,59.28,55.01,1206,60,23.06,0
2025-07-04 21:32:17,39.47,67.75,2636,91,23.14,0
2025-07-04 21:32:18,46.73,34.04,5653,97,15.06,1
2025-07-04 21:32:19,27.88,63.58,6499,50,41.2,0
2025-07-04 21:32:20,44.64,34.66,7431,118,41.38,0
2025-07-04 21:32:21,34.87,27.62,2412,81,37.26,0
2025-07-04 21:32:22,40.05,89.85,8545,84,39.67,0
2025-07-04 21:32:23,33.14,92.33,2273,120,33.73,0
2025-07-04 21:32:24,21.25,78.01,2134,51,29.34,0
2025-07-04 21:32:25,35.02,58.24,5628,24,28.81,0
2025-07-04 21:32:26,30.6,87.28,3221,55,44.49,0
2025-07-04 21:32:27,45.15,74.0,8755,102,35.35,0
2025-07-04 21:32:28,46.88,34.79,7463,77,29.04,0
2025-07-04 21:32:29,27.7,72.75,6014,120,31.91,0
2025-07-04 21:32:30,27.61,37.46,1742,23,35.11,0
2025-07-04 21:32:31,33.59,87.99,4712,85,20.99,0
2025-07-04 21:32:32,52.59,62.84,4918,118,28.09,0
2025-07-04 21:32:33,55.13,72.62,1505,76,22.78,1
2025-07-04 21:32:34,56.53,88.78,8881,49,37.46,0
2025-07-04 21:32:35,31.41,32.13,6657,59,18.99,0
2025-07-04 21:32:36,47.28,92.78,1825,82,24.28,0
2025-07-04 21:32:37,25.17,83.56,6739,109,33.42,0
2025-07-04 21:32:38,49.3,57.6,6942,47,26.44,0
2025-07-04 21:32:39,56.92,98.37,2301,52,27.43,0
2025-07-04 21:32:40,55.16,32.08,6273,68,31.87,0
2025-07-04 21:32:41,54.94,79.42,3426,90,35.35,0
2025-07-04 21:32:42,29.27,24.61,7120,113,21.66,0
2025-07-04 21:32:43,56.08,46.3,3208,58,23.08,0
2025-07-04 21:32:44,26.36,37.42,8691,88,18.72,0
2025-07-04 21:32:45,48.12,76.23,4655,89,25.2,1
2025-07-04 21:32:46,53.4,69.21,2361,49,32.23,0
2025-07-04 21:32:47,57.13,84.42,2820,92,15.65,0
2025-07-04 21:32:48,41.25,46.02,1779,85,38.96,0
2025-07-04 21:32:49,59.87,88.54,8140,51,23.62,0
2025-07-04 21:32:50,20.31,56.77,1965,24,41.99,0
2025-07-04 21:32:51,26.71,85.12,2594,69,42.52,0
2025-07-04 21:32:52,33.7,85.51,4027,92,33.15,0
2025-07-04 21:32:53,29.98,30.46,8587,47,33.89,0
2025-07-04 21:32:54,56.85,77.29,4790,108,25.07,0
2025-07-04 21:32:55,31.68,55.62,6357,36,34.21,0
2025-07-04 21:32:56,48.13,81.23,7005,57,24.52,0
2025-07-04 21:32:57,53.24,95.02,4113,34,21.4,0
2025-07-04 21:32:58,54.23,54.26,7199,116,28.25,0
2025-07-04 21:32:59,26.14,43.75,2290,32,18.59,0
2025-07-04 21:33:00,51.69,95.32,1073,84,26.12,0
2025-07-04 21:33:01,22.45,84.44,8418,85,21.04,0
2025-07-04 21:33:02,46.7,77.53,6072,78,18.19,0
2025-07-04 21:33:03,24.4,29.95,1329,102,31.47,0
2025-07-04 21:33:04,26.67,47.96,8275,93,18.58,0
2025-07-04 21:33:05,52.91,79.7,7570,108,28.42,0
2025-07-04 21:33:06,58.04,89.06,3912,68,36.81,0
2025-07-04 21:33:07,38.27,91.5,6340,44,36.57,0
2025-07-04 21:33:08,22.6,67.85,4869,88,20.82,0
2025-07-04 21:33:09,41.99,46.35,7333,58,18.22,1
2025-07-04 21:33:10,46.12,33.0,5771,94,36.58,0
2025-07-04 21:33:11,44.72,27.98,5180,38,43.74,0
2025-07-04 21:33:12,31.1,77.29,1621,107,30.39,0
2025-07-04 21:33:13,55.29,48.01,3978,64,44.64,0
2025-07-04 21:33:14,26.15,45.85,1099,116,20.95,0
2025-07-04 21:33:15,37.96,97.39,1557,58,20.05,0
2025-07-04 21:33:16,45.59,89.65,3224,72,43.41,0
2025-07-04 21:33:17,58.53,53.48,1438,22,24.06,0
2025-07-04 21:33:18,57.49,44.77,6209,62,30.0,0
2025-07-04 21:33:19,22.3,49.56,1863,84,25.42,0
2025-07-04 21:33:20,45.51,71.27,5260,34,29.64,0
2025-07-04 21:33:21,35.42,66.48,7299,108,25.93,0
2025-07-04 21:33:22,30.19,54.87,7484,106,21.84,0
2025-07-04 21:33:23,31.18,27.33,8668,77,34.68,0
2025-07-04 21:33:24,38.28,82.1,5887,98,36.29,0
2025-07-04 21:33:25,43.0,65.0,8046,47,24.61,0
2025-07-04 21:33:26,32.13,82.34,4423,78,32.69,0
2025-07-04 21:33:27,44.46,91.02,7535,39,43.83,0
2025-07-04 21:33:28,27.59,75.94,1422,87,36.04,0
2025-07-04 21:33:29,33.75,70.19,1666,33,36.36,0
2025-07-04 21:33:30,59.55,94.97,8034,106,32.13,0
2025-07-04 21:33:31,21.66,47.95,6359,117,15.14,0
2025-07-04 21:33:32,43.46,44.64,6109,54,17.96,0
2025-07-04 21:33:33,36.57,72.96,2458,117,30.82,1
2025-07-04 21:33:34,59.74,65.57,4119,51,43.22,0
2025-07-04 21:33:35,59.54,63.75,8542,71,32.22,0
2025-07-04 21:33:36,47.99,62.32,7199,29,16.92,0
2025-07-04 21:33:37,49.89,93.01,2631,46,26.94,0
2025-07-04 21:33:38,45.14,63.16,1682,113,37.65,0
2025-07-04 21:33:39,30.84,83.55,6711,91,42.58,0
2025-07-04 21:33:40,59.13,41.9,7724,90,28.99,0
2025-07-04 21:33:41,58.2,92.75,2872,91,17.26,0
2025-07-04 21:33:42,31.33,79.08,8237,33,29.79,1
2025-07-04 21:33:43,38.54,74.67,1865,105,16.56,0
2025-07-04 21:33:44,29.99,42.35,8989,22,25.22,0
2025-07-04 21:33:45,55.08,48.07,8552,115,25.24,0
2025-07-04 21:33:46,44.25,80.23,3568,93,23.92,0
2025-07-04 21:33:47,45.57,93.91,2515,21,35.81,0
2025-07-04 21:33:48,45.24,86.34,6543,66,28.84,0
2025-07-04 21:33:49,40.3,63.51,5771,50,16.99,0
2025-07-04 21:33:50,51.92,72.39,1085,64,17.4,0
2025-07-04 21:33:51,59.46,37.69,5215,82,30.57,0
2025-07-04 21:33:52,37.38,59.37,6651,68,21.41,0
2025-07-04 21:33:53,41.59,84.95,6114,79,16.9,0
2025-07-04 21:33:54,20.58,79.55,8620,119,16.1,1
2025-07-04 21:33:55,29.41,49.4,5222,38,43.33,0
2025-07-04 21:33:56,49.91,40.55,1458,93,20.37,0
2025-07-04 21:33:57,52.02,42.8,6418,66,22.56,0
2025-07-04 21:33:58,26.76,32.76,2686,44,25.75,0
2025-07-04 21:33:59,32.3,32.38,5622,38,36.68,1
2025-07-04 21:34:00,23.32,48.58,1699,58,27.38,0
2025-07-04 21:34:01,55.84,62.06,3178,39,18.81,0
2025-07-04 21:34:02,45.11,77.96,7798,106,22.81,0
2025-07-04 21:34:03,40.37,98.76,1481,70,32.01,0
2025-07-04 21:34:04,50.15,37.78,4412,76,26.67,0
2025-07-04 21:34:05,28.54,70.86,3157,95,29.65,0
2025-07-04 21:34:06,46.85,75.14,6006,90,40.9,0
2025-07-04 21:34:07,41.26,99.22,2109,50,27.69,0
2025-07-04 21:34:08,44.73,48.05,4559,59,24.11,0
2025-07-04 21:34:09,26.64,22.15,2441,91,41.25,0
2025-07-04 21:34:10,40.56,80.85,4866,45,32.79,0
2025-07-04 21:34:11,25.97,30.7,7168,114,17.86,0
2025-07-04 21:34:12,51.26,96.62,1212,106,30.57,0
2025-07-04 21:34:13,44.38,99.87,7278,48,36.08,0
2025-07-04 21:34:14,37.02,45.84,5174,20,43.58,0
2025-07-04 21:34:15,43.61,97.13,4250,38,26.76,0
2025-07-04 21:34:16,23.76,21.98,5322,70,30.11,0
2025-07-04 21:34:17,45.06,51.77,2088,61,43.48,0
2025-07-04 21:34:18,30.04,77.1,1837,115,43.07,0
2025-07-04 21:34:19,37.36,54.29,7980,42,39.21,0
2025-07-04 21:34:20,57.64,27.25,8382,26,27.29,0
2025-07-04 21:34:21,53.4,56.24,3022,22,29.33,0
2025-07-04 21:34:22,43.55,59.15,3376,87,34.47,0
2025-07-04 21:34:23,58.03,59.87,4234,63,32.56,0
2025-07-04 21:34:24,43.13,42.89,1286,115,34.15,0
2025-07-04 21:34:25,34.0,94.96,5737,82,16.07,0
2025-07-04 21:34:26,27.49,21.16,5558,38,21.78,0
2025-07-04 21:34:27,36.12,40.17,3935,81,16.88,0
2025-07-04 21:34:28,55.23,73.26,3486,118,41.84,0
2025-07-04 21:34:29,54.95,68.63,5733,21,28.26,0
2025-07-04 21:34:30,40.03,24.85,7796,57,32.87,0
2025-07-04 21:34:31,42.42,99.29,1948,93,20.68,0
2025-07-04 21:34:32,44.92,57.92,7711,83,31.74,1
2025-07-04 21:34:33,22.68,65.24,4746,96,27.74,0
2025-07-04 21:34:34,57.58,83.86,3879,38,23.36,0
2025-07-04 21:34:35,31.1,57.92,1352,104,25.87,0
2025-07-04 21:34:36,43.4,82.07,7943,39,20.06,0
2025-07-04 21:34:37,23.24,90.33,1086,88,25.64,0
2025-07-04 21:34:38,41.9,79.1,2180,52,15.31,0
2025-07-04 21:34:39,34.59,83.26,4830,95,37.03,0
2025-07-04 21:34:40,28.13,59.98,2271,85,39.87,0
2025-07-04 21:34:41,26.28,88.21,1868,44,28.88,0
2025-07-04 21:34:42,23.13,25.36,1426,70,33.4,0
2025-07-04 21:34:43,29.04,66.61,8022,81,15.35,0
2025-07-04 21:34:44,36.03,38.96,7862,96,21.98,0
2025-07-04 21:34:45,28.86,88.37,2129,115,17.6,0
2025-07-04 21:34:46,23.13,29.92,6059,29,21.22,0
2025-07-04 21:34:47,52.54,47.97,6430,97,20.04,0
2025-07-04 21:34:48,20.67,45.51,6316,54,29.68,0
2025-07-04 21:34:49,50.17,97.53,7768,102,39.8,0
2025-07-04 21:34:50,38.1,37.62,1402,82,28.87,0
2025-07-04 21:34:51,38.18,42.48,2647,85,32.81,0
2025-07-04 21:34:52,59.48,91.8,3331,58,33.72,0
2025-07-04 21:34:53,31.79,44.12,7035,94,20.59,0
2025-07-04 21:34:54,34.71,31.41,6299,23,24.49,0
2025-07-04 21:34:55,50.07,32.46,7783,35,44.57,0
2025-07-04 21:34:56,41.76,55.99,2547,29,40.72,0
2025-07-04 21:34:57,38.94,91.66,1330,109,18.07,0
2025-07-04 21:34:58,40.79,52.71,4904,53,22.17,0
2025-07-04 21:34:59,32.33,89.08,7719,118,38.97,0
2025-07-04 21:35:00,33.11,63.51,5938,46,31.93,0
2025-07-04 21:35:01,30.37,90.72,2561,51,15.55,0
2025-07-04 21:35:02,35.52,82.05,4378,67,25.67,0
2025-07-04 21:35:03,33.55,51.63,4558,67,39.09,0
2025-07-04 21:35:04,34.18,68.93,6473,86,31.04,0
2025-07-04 21:35:05,27.5,93.57,2701,104,31.01,0
2025-07-04 21:35:06,46.79,39.39,4401,64,15.94,0
2025-07-04 21:35:07,44.11,92.94,5526,80,32.27,0
2025-07-04 21:35:08,43.31,66.04,1009,30,29.78,0
2025-07-04 21:35:09,28.03,66.64,4537,36,28.96,0
2025-07-04 21:35:10,30.75,94.7,6664,77,28.15,0
2025-07-04 21:35:11,20.72,67.99,6522,85,20.68,0
2025-07-04 21:35:12,27.43,74.2,8650,97,24.87,0
2025-07-04 21:35:13,54.58,99.71,8228,26,43.07,0
2025-07-04 21:35:14,23.81,81.45,4015,71,22.01,0
2025-07-04 21:35:15,45.93,54.64,6449,77,39.76,0
2025-07-04 21:35:16,36.08,83.63,4539,66,23.78,0
2025-07-04 21:35:17,42.45,50.96,2027,110,16.03,0
2025-07-04 21:35:18,21.14,74.89,2277,47,32.76,0
2025-07-04 21:35:19,37.22,43.44,1575,120,26.14,0
2025-07-04 21:35:20,20.89,48.22,1003,55,34.07,0
2025-07-04 21:35:21,38.02,80.29,5429,29,41.88,0
2025-07-04 21:35:22,56.86,59.41,2349,44,40.97,0
2025-07-04 21:35:23,32.14,60.18,5228,80,22.58,0
2025-07-04 21:35:24,45.22,78.95,1211,101,16.91,0
2025-07-04 21:35:25,44.63,90.86,2087,51,21.57,0
2025-07-04 21:35:26,30.88,83.6,8701,31,38.58,0
2025-07-04 21:35:28,38.49,49.0,5142,32,36.71,1
2025-07-04 21:35:29,50.6,94.71,5692,76,41.9,0
2025-07-04 21:35:30,31.17,99.86,3974,96,21.26,0
2025-07-04 21:35:31,26.03,84.38,3034,33,32.05,0
2025-07-04 21:35:32,22.62,48.11,8433,40,30.68,1
2025-07-04 21:35:33,37.22,74.76,8563,88,34.41,0
2025-07-04 21:35:34,50.39,41.08,8851,39,26.37,0
2025-07-04 21:35:35,41.39,34.18,4615,51,41.07,0
2025-07-04 21:35:36,26.68,20.15,2600,40,27.32,0
2025-07-04 21:35:37,42.03,26.38,5146,47,41.45,0
2025-07-04 21:35:38,28.64,98.47,1371,21,25.64,0
2025-07-04 21:35:39,32.28,81.21,7193,99,17.86,0
2025-07-04 21:35:40,22.92,76.04,3634,46,43.36,0
2025-07-04 21:35:41,41.07,76.23,8290,119,23.92,0
2025-07-04 21:35:42,50.99,97.97,6809,87,20.69,1
2025-07-04 21:35:43,26.53,75.8,3394,79,35.14,0
2025-07-04 21:35:44,32.06,28.0,4120,98,25.08,0
2025-07-04 21:35:45,57.77,60.07,6613,23,43.43,0
2025-07-04 21:35:46,21.46,85.58,6700,108,44.72,0
2025-07-04 21:35:47,21.57,86.69,3673,119,17.24,0
2025-07-04 21:35:48,52.01,52.09,7360,59,31.31,0
2025-07-04 21:35:49,47.5,57.52,4832,69,34.22,0
2025-07-04 21:35:50,56.16,69.4,4169,55,19.3,0
2025-07-04 21:35:51,28.23,81.36,3205,77,21.34,0
2025-07-04 21:35:52,36.73,31.49,4125,24,21.06,0
2025-07-04 21:35:53,41.57,78.2,6422,48,40.49,0
2025-07-04 21:35:54,33.62,36.55,7920,28,42.54,0
2025-07-04 21:35:55,49.36,30.67,3039,29,33.23,0
2025-07-04 21:35:56,29.43,55.23,1643,44,15.85,0
2025-07-04 21:35:57,56.5,92.08,1649,73,39.91,1
2025-07-04 21:35:58,56.75,98.76,3122,65,15.33,0
2025-07-04 21:35:59,27.59,84.58,3882,73,22.39,1
2025-07-04 21:36:00,31.65,72.69,7721,64,41.77,0
2025-07-04 21:36:01,47.83,45.22,3027,67,32.59,0
2025-07-04 21:36:02,55.87,85.73,6913,107,17.06,0
2025-07-04 21:36:03,57.49,94.13,6308,96,33.39,0
2025-07-04 21:36:04,45.23,89.76,1626,59,30.88,0
2025-07-04 21:36:05,49.25,83.12,1921,60,43.87,0
2025-07-04 21:36:06,31.49,41.05,8505,87,39.91,0
2025-07-04 21:36:07,26.3,82.14,6492,66,25.53,0
2025-07-04 21:36:08,57.6,52.43,7753,68,29.96,0
2025-07-04 21:36:09,40.63,48.74,3315,82,37.2,0
2025-07-04 21:36:10,41.03,35.82,1156,34,17.75,0
2025-07-04 21:36:11,48.24,86.01,2983,62,29.76,0
